-- phpMyAdmin SQL Dump
-- version 5.0.2
-- https://www.phpmyadmin.net/
--
-- Хост: 127.0.0.1
-- Время создания: Июл 30 2020 г., 15:47
-- Версия сервера: 10.4.11-MariaDB
-- Версия PHP: 7.4.4

SET SQL_MODE = "NO_AUTO_VALUE_ON_ZERO";
START TRANSACTION;
SET time_zone = "+00:00";


/*!40101 SET @OLD_CHARACTER_SET_CLIENT=@@CHARACTER_SET_CLIENT */;
/*!40101 SET @OLD_CHARACTER_SET_RESULTS=@@CHARACTER_SET_RESULTS */;
/*!40101 SET @OLD_COLLATION_CONNECTION=@@COLLATION_CONNECTION */;
/*!40101 SET NAMES utf8mb4 */;

--
-- База данных: `us4mez`
--

-- --------------------------------------------------------

--
-- Структура таблицы `ads`
--

CREATE TABLE `ads` (
  `ad_id` int(11) NOT NULL,
  `ad_caption` varchar(100) NOT NULL,
  `ad_text` text NOT NULL,
  `ad_photo` varchar(100) DEFAULT NULL,
  `ad_type` int(11) NOT NULL,
  `ad_category` int(11) NOT NULL,
  `ad_time` timestamp NOT NULL DEFAULT current_timestamp(),
  `ad_author` int(11) NOT NULL,
  `year_ad` int(5) NOT NULL,
  `price_ad` varchar(20) NOT NULL,
  `adress_ad` varchar(255) NOT NULL,
  `liters_ad` varchar(10) NOT NULL,
  `mark_ad` int(11) NOT NULL,
  `model_ad` int(255) NOT NULL,
  `engine_ad` int(11) NOT NULL,
  `gear_ad` int(11) NOT NULL
) ENGINE=InnoDB DEFAULT CHARSET=utf8;

--
-- Дамп данных таблицы `ads`
--

INSERT INTO `ads` (`ad_id`, `ad_caption`, `ad_text`, `ad_photo`, `ad_type`, `ad_category`, `ad_time`, `ad_author`, `year_ad`, `price_ad`, `adress_ad`, `liters_ad`, `mark_ad`, `model_ad`, `engine_ad`, `gear_ad`) VALUES
(24, 'Ducati Scrambler 2020', 'Пордам Ducati Scrambler ', '112216b7c9c2907d4358767444874f9e.jpg', 2, 2, '2020-07-14 15:11:42', 4, 2020, '6000$', 'г.Минск, пр-т Независимости 15', '1.0 литр', 82, 1100, 1, 1),
(25, 'Volkswagen polo', 'Продам ', '660a6894aecaa6966478cc8e376b3a73.jpg', 2, 1, '2020-07-15 10:26:47', 4, 2019, 'Недорого', 'улица Кульман 48', '1.8 литра', 79, 1067, 1, 2);

-- --------------------------------------------------------

--
-- Структура таблицы `authors`
--

CREATE TABLE `authors` (
  `author_id` int(11) NOT NULL,
  `author_login` varchar(100) NOT NULL,
  `author_password` varchar(100) NOT NULL,
  `author_name` varchar(100) NOT NULL,
  `author_city` varchar(100) NOT NULL,
  `author_phone` varchar(100) NOT NULL,
  `author_mail` varchar(100) NOT NULL
) ENGINE=InnoDB DEFAULT CHARSET=utf8;

--
-- Дамп данных таблицы `authors`
--

INSERT INTO `authors` (`author_id`, `author_login`, `author_password`, `author_name`, `author_city`, `author_phone`, `author_mail`) VALUES
(4, 'mains', 'e10adc3949ba59abbe56e057f20f883e', 'Олег Валерьевич Шавела', 'Минск', '+375293110996', 'shavela2.18@gmail.com'),
(5, 'numberone', 'ea334e73abdbdf7b298b30b5572e9d87', 'Алексей', 'Минск', '293563216', 'hardstyleshuff@mail.ru'),
(6, 'ivan', '58ee5bba3df468454c9330d652c64a83', 'Иван', 'Лида', '375296438755', 'shavela117@gmail.com');

-- --------------------------------------------------------

--
-- Структура таблицы `categories`
--

CREATE TABLE `categories` (
  `category_id` int(11) NOT NULL,
  `category_name` varchar(100) NOT NULL,
  `category_info` text NOT NULL
) ENGINE=InnoDB DEFAULT CHARSET=utf8;

--
-- Дамп данных таблицы `categories`
--

INSERT INTO `categories` (`category_id`, `category_name`, `category_info`) VALUES
(1, 'Автомобили', 'Объявления о продаже автомобилей'),
(2, 'Мотоциклы', 'Объявления о продаже мотоциклов и скутеров');

-- --------------------------------------------------------

--
-- Структура таблицы `engine`
--

CREATE TABLE `engine` (
  `ID` int(11) NOT NULL,
  `engine` varchar(255) NOT NULL
) ENGINE=InnoDB DEFAULT CHARSET=utf8;

--
-- Дамп данных таблицы `engine`
--

INSERT INTO `engine` (`ID`, `engine`) VALUES
(1, 'Бензиновый'),
(2, 'Дизельный'),
(3, 'Электродвигатель');

-- --------------------------------------------------------

--
-- Структура таблицы `gear`
--

CREATE TABLE `gear` (
  `gear_id` int(11) NOT NULL,
  `gear` varchar(255) NOT NULL
) ENGINE=InnoDB DEFAULT CHARSET=utf8;

--
-- Дамп данных таблицы `gear`
--

INSERT INTO `gear` (`gear_id`, `gear`) VALUES
(1, 'МКПП'),
(2, 'АКПП');

-- --------------------------------------------------------

--
-- Структура таблицы `marks`
--

CREATE TABLE `marks` (
  `id_mark` int(11) NOT NULL,
  `mark_name` varchar(255) NOT NULL
) ENGINE=InnoDB DEFAULT CHARSET=utf8;

--
-- Дамп данных таблицы `marks`
--

INSERT INTO `marks` (`id_mark`, `mark_name`) VALUES
(1, 'Acura'),
(2, 'Alfa Romeo'),
(3, 'Aston Martin'),
(4, 'Audi'),
(5, 'Bentley'),
(6, 'BMW'),
(7, 'Brilliance'),
(8, 'Buick'),
(9, 'BYD'),
(10, 'Cadillac'),
(11, 'Changan'),
(12, 'Chery'),
(13, 'Chevrolet'),
(14, 'Citroen'),
(15, 'Daewoo'),
(16, 'Daihatsu'),
(17, 'Datsun'),
(18, 'Dodge'),
(19, 'Dongfeng'),
(20, 'FAW'),
(21, 'Ferrari'),
(22, 'Fiat'),
(23, 'Ford'),
(24, 'GAZ'),
(25, 'Geely'),
(26, 'Genesis'),
(27, 'GMC'),
(28, 'Great Wall'),
(29, 'Haval'),
(30, 'Holden'),
(31, 'Honda'),
(32, 'Hummer'),
(33, 'Hyundai'),
(34, 'Infiniti'),
(35, 'Isuzu'),
(36, 'Iveco'),
(37, 'Jaguar'),
(38, 'Jeep'),
(39, 'Kia'),
(40, 'Lamborghini'),
(41, 'Lancia'),
(42, 'Land Rover'),
(43, 'Lexus'),
(44, 'Lifan'),
(45, 'Lincoln'),
(46, 'Lotus'),
(47, 'Maserati'),
(48, 'Maybach'),
(49, 'Mazda'),
(50, 'McLaren'),
(51, 'Mercedes'),
(52, 'Mercury'),
(53, 'MG'),
(54, 'Mini'),
(55, 'Mitsubishi'),
(56, 'Nissan'),
(57, 'Opel'),
(58, 'Peugeot'),
(59, 'Plymouth'),
(60, 'Pontiac'),
(61, 'Porsche'),
(62, 'Ravon'),
(63, 'Renault'),
(64, 'Rolls-Royce'),
(65, 'Rover'),
(66, 'Saab'),
(67, 'Saturn'),
(68, 'Scion'),
(69, 'Seat'),
(70, 'Skoda'),
(71, 'Smart'),
(72, 'Ssang Yong'),
(73, 'Subaru'),
(74, 'Suzuki'),
(75, 'Tesla'),
(76, 'Toyota'),
(77, 'UAZ'),
(78, 'VAZ'),
(79, 'Volkswagen'),
(80, 'Volvo'),
(81, 'Chrysler\r\n'),
(82, 'Ducati');

-- --------------------------------------------------------

--
-- Структура таблицы `models`
--

CREATE TABLE `models` (
  `id` int(11) NOT NULL,
  `mark_id` tinyint(3) NOT NULL,
  `model` char(64) NOT NULL
) ENGINE=InnoDB DEFAULT CHARSET=utf8;

--
-- Дамп данных таблицы `models`
--

INSERT INTO `models` (`id`, `mark_id`, `model`) VALUES
(1, 1, 'CL'),
(2, 1, 'EL'),
(3, 1, 'ILX'),
(4, 1, 'Integra'),
(5, 1, 'MDX'),
(6, 1, 'NSX'),
(7, 1, 'RDX'),
(8, 1, 'RL'),
(9, 1, 'RLX'),
(10, 1, 'RSX'),
(11, 1, 'TL'),
(12, 1, 'TLX'),
(13, 1, 'TSX'),
(14, 1, 'ZDX'),
(15, 2, '146'),
(16, 2, '147'),
(17, 2, '147 GTA'),
(18, 2, '156'),
(19, 2, '156 GTA'),
(20, 2, '159'),
(21, 2, '166'),
(22, 2, '4C'),
(23, 2, '8C Competizione'),
(24, 2, 'Brera'),
(25, 2, 'Giulia'),
(26, 2, 'Giulietta'),
(27, 2, 'GT'),
(28, 2, 'GTV'),
(29, 2, 'MiTo'),
(30, 2, 'Spider'),
(31, 2, 'Stelvio'),
(32, 3, 'Cygnet'),
(33, 3, 'DB11'),
(34, 3, 'DB9'),
(35, 3, 'DBS'),
(36, 3, 'DBS Violante'),
(37, 3, 'DBX'),
(38, 3, 'Rapide'),
(39, 3, 'V12 Vantage'),
(40, 3, 'V8 Vantage'),
(41, 3, 'Valkyrie'),
(42, 3, 'Vanquish'),
(43, 3, 'Virage'),
(44, 3, 'Zagato Coupe'),
(45, 4, '80'),
(46, 4, '90'),
(47, 4, '100'),
(48, 4, '200'),
(49, 4, 'A1'),
(50, 4, 'A2'),
(51, 4, 'A3'),
(52, 4, 'A4'),
(53, 4, 'A4 Allroad Quattro'),
(54, 4, 'A5'),
(55, 4, 'A6'),
(56, 4, 'A7'),
(57, 4, 'A8'),
(58, 4, 'Allroad'),
(59, 4, 'Q2'),
(60, 4, 'Q3'),
(61, 4, 'Q5'),
(62, 4, 'Q7'),
(63, 4, 'Q8'),
(64, 4, 'R8'),
(65, 4, 'RS Q3'),
(66, 4, 'RS3'),
(67, 4, 'RS4'),
(68, 4, 'RS5'),
(69, 4, 'RS6'),
(70, 4, 'RS7'),
(71, 4, 'S3'),
(72, 4, 'S4'),
(73, 4, 'S5'),
(74, 4, 'S6'),
(75, 4, 'S7'),
(76, 4, 'S8'),
(77, 4, 'SQ2'),
(78, 4, 'SQ5'),
(79, 4, 'SQ7'),
(80, 4, 'SQ8'),
(81, 4, 'TT'),
(82, 4, 'TT RS'),
(83, 4, 'TTS'),
(84, 5, 'Arnage'),
(85, 5, 'Azure'),
(86, 5, 'Bentayga'),
(87, 5, 'Brooklands'),
(88, 5, 'Continental'),
(89, 5, 'Continental Flying Spur'),
(90, 5, 'Continental GT'),
(91, 5, 'Flying Spur'),
(92, 5, 'Mulsanne'),
(93, 6, '1 series'),
(94, 6, '2 series'),
(95, 6, '3 series'),
(96, 6, '4 series'),
(97, 6, '5 series'),
(98, 6, '6 series'),
(99, 6, '7 series'),
(100, 6, '8 series'),
(101, 6, 'i3'),
(102, 6, 'i8'),
(103, 6, 'M2'),
(104, 6, 'M3'),
(105, 6, 'M4'),
(106, 6, 'M5'),
(107, 6, 'M6'),
(108, 6, 'X1'),
(109, 6, 'X2'),
(110, 6, 'X3'),
(111, 6, 'X3 M'),
(112, 6, 'X4'),
(113, 6, 'X4 M'),
(114, 6, 'X5'),
(115, 6, 'X5 M'),
(116, 6, 'X6'),
(117, 6, 'X6 M'),
(118, 6, 'X7'),
(119, 6, 'Z3'),
(120, 6, 'Z4'),
(121, 6, 'Z8'),
(122, 7, 'H230'),
(123, 7, 'V3'),
(124, 7, 'V5'),
(125, 8, 'Century'),
(126, 8, 'Enclave'),
(127, 8, 'Envision'),
(128, 8, 'La Crosse'),
(129, 8, 'Le Sabre'),
(130, 8, 'Lucerne'),
(131, 8, 'Park Avenue'),
(132, 8, 'Rainier'),
(133, 8, 'Regal'),
(134, 8, 'Rendezvouz'),
(135, 8, 'Terraza'),
(136, 8, 'Verano'),
(137, 9, 'Qin'),
(138, 10, 'ATS'),
(139, 10, 'ATS-V'),
(140, 10, 'BLS'),
(141, 10, 'CT6'),
(142, 10, 'CTS'),
(143, 10, 'De Ville'),
(144, 10, 'DTS'),
(145, 10, 'Eldorado'),
(146, 10, 'ELR'),
(147, 10, 'Escalade'),
(148, 10, 'Seville'),
(149, 10, 'SRX'),
(150, 10, 'STS'),
(151, 10, 'XLR'),
(152, 10, 'XT4'),
(153, 10, 'XT5'),
(154, 10, 'XT6'),
(155, 10, 'XTS'),
(156, 11, 'CS35'),
(157, 11, 'CS35 Plus'),
(158, 11, 'CS55'),
(159, 11, 'CS75'),
(160, 11, 'Eado'),
(161, 11, 'Raeton'),
(162, 12, 'Amulet'),
(163, 12, 'Arrizo 7'),
(164, 12, 'Bonus'),
(165, 12, 'Bonus 3'),
(166, 12, 'CrossEastar'),
(167, 12, 'Eastar'),
(168, 12, 'Fora'),
(169, 12, 'IndiS'),
(170, 12, 'Kimo'),
(171, 12, 'M11'),
(172, 12, 'QQ'),
(173, 12, 'QQ6'),
(174, 12, 'Tiggo'),
(175, 12, 'Tiggo 3'),
(176, 12, 'Tiggo 4'),
(177, 12, 'Tiggo 5'),
(178, 12, 'Tiggo 7'),
(179, 12, 'Very'),
(180, 13, 'Astro'),
(181, 13, 'Avalanche'),
(182, 13, 'Aveo'),
(183, 13, 'Blazer'),
(184, 13, 'Camaro'),
(185, 13, 'Captiva'),
(186, 13, 'Cavalier'),
(187, 13, 'Cobalt'),
(188, 13, 'Colorado'),
(189, 13, 'Corvette'),
(190, 13, 'Cruze'),
(191, 13, 'Epica'),
(192, 13, 'Equinox'),
(193, 13, 'Express'),
(194, 13, 'HHR'),
(195, 13, 'Impala'),
(196, 13, 'Lacetti'),
(197, 13, 'Lanos'),
(198, 13, 'Malibu'),
(199, 13, 'Monte Carlo'),
(200, 13, 'Niva'),
(201, 13, 'Orlando'),
(202, 13, 'Rezzo'),
(203, 13, 'Silverado'),
(204, 13, 'Spark'),
(205, 13, 'SSR'),
(206, 13, 'Suburban'),
(207, 13, 'Tahoe'),
(208, 13, 'TrailBlazer'),
(209, 13, 'Traverse'),
(210, 13, 'Trax'),
(211, 13, 'Uplander'),
(212, 13, 'Venture'),
(213, 81, '200'),
(214, 81, '300'),
(215, 81, '300M'),
(216, 81, '300C'),
(217, 81, 'Aspen'),
(218, 81, 'Concorde'),
(219, 81, 'Crossfire'),
(220, 81, 'Grand Voyager'),
(221, 81, 'Pacifica'),
(222, 81, 'PT Cruiser'),
(223, 81, 'Sebring'),
(224, 81, 'Town & Country'),
(225, 81, 'Voyager'),
(226, 14, 'Berlingo'),
(227, 14, 'C-Crosser'),
(228, 14, 'C-Elysee'),
(229, 14, 'C1'),
(230, 14, 'C2'),
(231, 14, 'C3'),
(232, 14, 'C3 Aircross'),
(233, 14, 'C3 Picasso'),
(234, 14, 'C3 Pluriel'),
(235, 14, 'C4'),
(236, 14, 'C4 Aircross'),
(237, 14, 'C4 Cactus'),
(238, 14, 'C4 Picasso'),
(239, 14, 'C5'),
(240, 14, 'C6'),
(241, 14, 'C8'),
(242, 14, 'DS 7 Crossback'),
(243, 14, 'DS3'),
(244, 14, 'DS4'),
(245, 14, 'DS5'),
(246, 14, 'Grand C4 Picasso'),
(247, 14, 'Jumpy'),
(248, 14, 'Nemo'),
(249, 14, 'Saxo'),
(250, 14, 'Spacetourer'),
(251, 14, 'Xsara'),
(252, 14, 'Xsara Picasso'),
(253, 15, 'Evanda'),
(254, 15, 'Kalos'),
(255, 15, 'Leganza'),
(256, 15, 'Magnus'),
(257, 15, 'Matiz'),
(258, 15, 'Nexia'),
(259, 15, 'Nubira'),
(260, 16, 'Applause'),
(261, 16, 'Cast'),
(262, 16, 'Copen'),
(263, 16, 'Cuore'),
(264, 16, 'Gran Move'),
(265, 16, 'Luxio'),
(266, 16, 'Materia'),
(267, 16, 'Mebius'),
(268, 16, 'Move'),
(269, 16, 'Rocky'),
(270, 16, 'Sirion'),
(271, 16, 'Terios'),
(272, 16, 'Trevis'),
(273, 16, 'YRV'),
(274, 17, 'mi-DO'),
(275, 17, 'on-DO'),
(276, 18, 'Avenger'),
(277, 18, 'Caliber'),
(278, 18, 'Caliber SRT4'),
(279, 18, 'Caravan'),
(280, 18, 'Challenger'),
(281, 18, 'Charger'),
(282, 18, 'Dakota'),
(283, 18, 'Dart'),
(284, 18, 'Durango'),
(285, 18, 'Intrepid'),
(286, 18, 'Journey'),
(287, 18, 'Magnum'),
(288, 18, 'Neon'),
(289, 18, 'Nitro'),
(290, 18, 'Ram 1500'),
(291, 18, 'Ram 2500'),
(292, 18, 'Ram 3500'),
(293, 18, 'Ram SRT10'),
(294, 18, 'Stratus'),
(295, 18, 'Viper'),
(296, 19, '580'),
(297, 19, 'A30'),
(298, 19, 'AX7'),
(299, 19, 'H30 Cross'),
(300, 20, 'Besturn B30'),
(301, 20, 'Besturn B50'),
(302, 20, 'Besturn X40'),
(303, 20, 'Besturn X80'),
(304, 20, 'Oley'),
(305, 20, 'Vita'),
(306, 21, '458'),
(307, 21, 'California'),
(308, 21, 'California T'),
(309, 22, '124 Spider'),
(310, 22, '500'),
(311, 22, '500L'),
(312, 22, '500X'),
(313, 22, 'Albea'),
(314, 22, 'Brava'),
(315, 22, 'Bravo'),
(316, 22, 'Coupe'),
(317, 22, 'Croma'),
(318, 22, 'Doblo'),
(319, 22, 'Ducato'),
(320, 22, 'Freemont'),
(321, 22, 'Grande Punto'),
(322, 22, 'Idea'),
(323, 22, 'Linea'),
(324, 22, 'Marea'),
(325, 22, 'Multipla'),
(326, 22, 'Palio'),
(327, 22, 'Panda'),
(328, 22, 'Panda 4x4'),
(329, 22, 'Punto'),
(330, 22, 'Qubo'),
(331, 22, 'Sedici'),
(332, 22, 'Siena'),
(333, 22, 'Stilo'),
(334, 22, 'Strada'),
(335, 22, 'Tipo'),
(336, 22, 'Ulysse'),
(337, 23, 'B-Max'),
(338, 23, 'C-Max'),
(339, 23, 'Cougar'),
(340, 23, 'Crown Victoria'),
(341, 23, 'EcoSport'),
(342, 23, 'Edge'),
(343, 23, 'Escape'),
(344, 23, 'Excursion'),
(345, 23, 'Expedition'),
(346, 23, 'Explorer'),
(347, 23, 'Explorer Sport Trac'),
(348, 23, 'F-150'),
(349, 23, 'F-250'),
(350, 23, 'F-350'),
(351, 23, 'Falcon'),
(352, 23, 'Fiesta'),
(353, 23, 'Five Hundred'),
(354, 23, 'Flex'),
(355, 23, 'Focus'),
(356, 23, 'Focus Active'),
(357, 23, 'Freestar'),
(358, 23, 'Freestyle'),
(359, 23, 'Fusion'),
(360, 23, 'Galaxy'),
(361, 23, 'Ka'),
(362, 23, 'Kuga'),
(363, 23, 'Maverick'),
(364, 23, 'Mondeo'),
(365, 23, 'Mustang'),
(366, 23, 'Mustang Shelby GT350'),
(367, 23, 'Puma'),
(368, 23, 'Ranger'),
(369, 23, 'S-Max'),
(370, 23, 'Taurus'),
(371, 23, 'Taurus X'),
(372, 23, 'Thunderbird'),
(373, 23, 'Tourneo Connect'),
(374, 23, 'Transit'),
(375, 23, 'Transit Connect'),
(376, 24, '3102'),
(377, 24, '31105'),
(378, 24, 'Siber'),
(379, 24, 'Sobol'),
(380, 25, 'Atlas'),
(381, 25, 'Coolray'),
(382, 25, 'Emgrand 7'),
(383, 25, 'Emgrand EC7'),
(384, 25, 'Emgrand GS'),
(385, 25, 'Emgrand X7'),
(386, 25, 'GC9'),
(387, 25, 'GРЎ6'),
(388, 25, 'MK'),
(389, 25, 'Otaka'),
(390, 25, 'Vision'),
(391, 26, 'G70'),
(392, 26, 'G80'),
(393, 26, 'G90'),
(394, 27, 'Acadia'),
(395, 27, 'Canyon'),
(396, 27, 'Envoy'),
(397, 27, 'Sierra 1500'),
(398, 27, 'Sierra 2500'),
(399, 27, 'Terrain'),
(400, 27, 'Yukon'),
(401, 28, 'Cowry'),
(402, 28, 'Deer'),
(403, 28, 'Hover'),
(404, 28, 'Hover M2'),
(405, 28, 'Pegasus'),
(406, 28, 'Peri'),
(407, 28, 'Safe'),
(408, 28, 'Sailor'),
(409, 28, 'Sing'),
(410, 28, 'Socool'),
(411, 28, 'Wingle'),
(412, 29, 'F7'),
(413, 29, 'H4'),
(414, 29, 'H6'),
(415, 29, 'H9'),
(416, 30, 'Commodore'),
(417, 31, 'Accord'),
(418, 31, 'Amaze'),
(419, 31, 'City'),
(420, 31, 'Civic'),
(421, 31, 'CR-V'),
(422, 31, 'CR-Z'),
(423, 31, 'Crosstour'),
(424, 31, 'Element'),
(425, 31, 'Fit'),
(426, 31, 'FR-V'),
(427, 31, 'HR-V'),
(428, 31, 'HR-V II (GJ)'),
(429, 31, 'Insight'),
(430, 31, 'Jade'),
(431, 31, 'Jazz'),
(432, 31, 'Legend'),
(433, 31, 'Odyssey'),
(434, 31, 'Pilot'),
(435, 31, 'Prelude'),
(436, 31, 'Ridgeline'),
(437, 31, 'S2000'),
(438, 31, 'Shuttle'),
(439, 31, 'Stream'),
(440, 31, 'Vezel'),
(441, 32, 'H1'),
(442, 32, 'H2'),
(443, 32, 'H3'),
(444, 33, 'Accent'),
(445, 33, 'Atos Prime'),
(446, 33, 'Azera'),
(447, 33, 'Centennial'),
(448, 33, 'Creta'),
(449, 33, 'Elantra'),
(450, 33, 'Entourage'),
(451, 33, 'Eon'),
(452, 33, 'Equus'),
(453, 33, 'Galloper'),
(454, 33, 'Genesis'),
(455, 33, 'Genesis Coupe'),
(456, 33, 'Getz'),
(457, 33, 'Grandeur'),
(458, 33, 'H-1'),
(459, 33, 'i10'),
(460, 33, 'i20'),
(461, 33, 'i30'),
(462, 33, 'i30 N'),
(463, 33, 'i40'),
(464, 33, 'Ioniq'),
(465, 33, 'ix20'),
(466, 33, 'ix35'),
(467, 33, 'Kona'),
(468, 33, 'Matrix'),
(469, 33, 'Palisade'),
(470, 33, 'Porter'),
(471, 33, 'Santa Fe'),
(474, 33, 'Solaris'),
(475, 33, 'Sonata'),
(476, 33, 'Terracan'),
(477, 33, 'Trajet'),
(478, 33, 'Tucson'),
(479, 33, 'Veloster'),
(480, 33, 'Veracruz'),
(481, 33, 'Verna'),
(482, 33, 'Xcent'),
(483, 33, 'XG'),
(484, 34, 'EX'),
(485, 34, 'FX'),
(486, 34, 'G'),
(487, 34, 'I35'),
(488, 34, 'JX'),
(489, 34, 'M'),
(490, 34, 'Q30'),
(491, 34, 'Q40'),
(492, 34, 'Q45'),
(493, 34, 'Q50'),
(494, 34, 'Q60'),
(495, 34, 'Q70'),
(496, 34, 'QX30'),
(497, 34, 'QX4'),
(498, 34, 'QX50'),
(499, 34, 'QX56'),
(500, 34, 'QX60'),
(501, 34, 'QX70'),
(502, 34, 'QX80'),
(503, 35, 'Ascender'),
(504, 35, 'Axiom'),
(505, 35, 'D-Max'),
(506, 35, 'D-Max Rodeo'),
(507, 35, 'I280'),
(508, 35, 'I290'),
(509, 35, 'I350'),
(510, 35, 'I370'),
(511, 35, 'Rodeo'),
(512, 35, 'Trooper'),
(513, 35, 'VehiCross'),
(514, 36, 'Daily'),
(515, 37, 'E-Pace'),
(516, 37, 'F-Pace'),
(517, 37, 'F-Type'),
(518, 37, 'I-Pace'),
(519, 37, 'S-Type'),
(520, 37, 'X-Type'),
(521, 37, 'XE'),
(522, 37, 'XF'),
(523, 37, 'XJ'),
(524, 37, 'XK/XKR'),
(525, 38, 'Cherokee'),
(526, 38, 'Commander'),
(527, 38, 'Compass'),
(528, 38, 'Gladiator'),
(529, 38, 'Grand Cherokee'),
(530, 38, 'Liberty'),
(531, 38, 'Patriot'),
(532, 38, 'Renegade'),
(533, 38, 'Wrangler'),
(534, 39, 'Carens'),
(535, 39, 'Carnival'),
(536, 39, 'Ceed'),
(537, 39, 'Cerato'),
(538, 39, 'Clarus'),
(539, 39, 'Forte'),
(540, 39, 'K900'),
(541, 39, 'Magentis'),
(542, 39, 'Mohave'),
(543, 39, 'Niro'),
(544, 39, 'Opirus'),
(545, 39, 'Optima'),
(546, 39, 'Picanto'),
(547, 39, 'ProCeed'),
(548, 39, 'Quoris'),
(549, 39, 'Ray'),
(550, 39, 'Rio'),
(551, 39, 'Rio X-Line'),
(552, 39, 'Seltos'),
(553, 39, 'Shuma'),
(554, 39, 'Sorento'),
(555, 39, 'Sorento Prime'),
(556, 39, 'Soul'),
(557, 39, 'Spectra'),
(558, 39, 'Sportage'),
(559, 39, 'Stinger'),
(560, 39, 'Stonic'),
(561, 39, 'Telluride'),
(562, 39, 'Venga'),
(563, 40, 'Aventador'),
(564, 40, 'Gallardo'),
(565, 40, 'Huracan'),
(566, 40, 'Murcielago'),
(567, 41, 'Delta'),
(568, 41, 'Lybra'),
(569, 41, 'Musa'),
(570, 41, 'Phedra'),
(571, 41, 'Thema'),
(572, 41, 'Thesis'),
(573, 41, 'Ypsilon'),
(574, 42, 'Defender'),
(575, 42, 'Discovery'),
(576, 42, 'Discovery Sport'),
(577, 42, 'Evoque'),
(578, 42, 'Freelander'),
(579, 42, 'Range Rover'),
(580, 42, 'Range Rover Sport'),
(581, 42, 'Range Rover Velar'),
(582, 43, 'CT'),
(583, 43, 'ES'),
(584, 43, 'GS'),
(585, 43, 'GX'),
(586, 43, 'HS'),
(587, 43, 'IS'),
(588, 43, 'LC'),
(589, 43, 'LFA'),
(590, 43, 'LS'),
(591, 43, 'LX'),
(592, 43, 'NX'),
(593, 43, 'RC'),
(594, 43, 'RX'),
(595, 43, 'SC'),
(596, 43, 'UX'),
(597, 44, 'Breez'),
(598, 44, 'Cebrium'),
(599, 44, 'Celliya'),
(600, 44, 'Smily'),
(601, 44, 'Solano'),
(602, 44, 'X50'),
(603, 44, 'X60'),
(604, 45, 'Aviator'),
(605, 45, 'Corsair'),
(606, 45, 'Mark LT'),
(607, 45, 'MKC'),
(608, 45, 'MKS'),
(609, 45, 'MKT'),
(610, 45, 'MKX'),
(611, 45, 'MKZ'),
(612, 45, 'Navigator'),
(613, 45, 'Town Car'),
(614, 45, 'Zephyr'),
(615, 46, 'Elise'),
(616, 46, 'Europa S'),
(617, 46, 'Evora'),
(618, 46, 'Exige'),
(621, 47, 'Ghibli'),
(622, 47, 'Gran Cabrio'),
(623, 47, 'Gran Turismo'),
(624, 47, 'Gran Turismo S'),
(625, 47, 'Levante'),
(626, 47, 'Quattroporte'),
(627, 47, 'Quattroporte S'),
(628, 48, '57'),
(629, 48, '57 S'),
(630, 48, '62'),
(631, 48, '62 S'),
(632, 48, 'Landaulet'),
(633, 49, '2'),
(634, 49, '3'),
(635, 49, '323'),
(636, 49, '5'),
(637, 49, '6'),
(638, 49, '626'),
(639, 49, 'B-Series'),
(640, 49, 'BT-50'),
(641, 49, 'CX-3'),
(642, 49, 'CX-5'),
(643, 49, 'CX-7'),
(644, 49, 'CX-9'),
(645, 49, 'MPV'),
(646, 49, 'MX-5'),
(647, 49, 'Premacy'),
(648, 49, 'RX-7'),
(649, 49, 'RX-8'),
(650, 49, 'Tribute'),
(651, 50, '720S'),
(652, 50, 'MP4-12C'),
(653, 51, 'A-class'),
(654, 51, 'AMG GT'),
(655, 51, 'AMG GT 4-Door'),
(656, 51, 'B-class'),
(657, 51, 'C-class'),
(658, 51, 'C-class Sport Coupe'),
(659, 51, 'CL-class'),
(660, 51, 'CLA-class'),
(661, 51, 'CLC-class'),
(662, 51, 'CLK-class'),
(663, 51, 'CLS-class'),
(664, 51, 'E-class'),
(665, 51, 'E-class Coupe'),
(666, 51, 'EQC'),
(667, 51, 'G-class'),
(668, 51, 'GL-class'),
(669, 51, 'GLA-class'),
(670, 51, 'GLC-class'),
(671, 51, 'GLC-class Coupe'),
(672, 51, 'GLE-class'),
(673, 51, 'GLE-class Coupe'),
(674, 51, 'GLK-class'),
(675, 51, 'GLS-class'),
(676, 51, 'M-class'),
(677, 51, 'R-class'),
(678, 51, 'S-class'),
(679, 51, 'S-class Cabrio'),
(680, 51, 'S-class Coupe'),
(681, 51, 'SL-class'),
(682, 51, 'SLK-class'),
(683, 51, 'SLR-class'),
(684, 51, 'SLS AMG'),
(685, 51, 'Sprinter'),
(686, 51, 'Vaneo'),
(687, 51, 'Viano'),
(688, 51, 'Vito'),
(689, 51, 'X-class'),
(690, 53, 'TF'),
(691, 53, 'XPower SV'),
(692, 53, 'ZR'),
(693, 53, 'ZS'),
(694, 53, 'ZT'),
(695, 53, 'ZT-T'),
(696, 52, 'Grand Marquis'),
(697, 52, 'Mariner'),
(698, 52, 'Milan'),
(699, 52, 'Montego'),
(700, 52, 'Monterey'),
(701, 52, 'Mountaineer'),
(702, 52, 'Sable'),
(703, 54, 'Clubman'),
(704, 54, 'Clubman S'),
(705, 54, 'Clubvan'),
(706, 54, 'Cooper'),
(707, 54, 'Cooper Cabrio'),
(708, 54, 'Cooper S'),
(709, 54, 'Cooper S Cabrio'),
(710, 54, 'Cooper S Countryman All4'),
(711, 54, 'Countryman'),
(712, 54, 'One'),
(713, 55, '3000 GT'),
(714, 55, 'ASX'),
(715, 55, 'Carisma'),
(716, 55, 'Colt'),
(717, 55, 'Dignity'),
(718, 55, 'Eclipse'),
(719, 55, 'Eclipse Cross'),
(720, 55, 'Endeavor'),
(721, 55, 'Galant'),
(722, 55, 'Grandis'),
(723, 55, 'i-MiEV'),
(724, 55, 'L200'),
(725, 55, 'Lancer'),
(726, 55, 'Lancer Evo'),
(727, 55, 'Mirage'),
(728, 55, 'Outlander'),
(729, 55, 'Outlander XL'),
(730, 55, 'Pajero'),
(731, 55, 'Pajero Pinin'),
(732, 55, 'Pajero Sport'),
(733, 55, 'Raider'),
(734, 55, 'Space Gear'),
(735, 55, 'Space Runner'),
(736, 55, 'Space Star'),
(737, 56, '350Z'),
(738, 56, '370Z'),
(739, 56, 'Almera'),
(740, 56, 'Almera Classic'),
(741, 56, 'Almera Tino'),
(742, 56, 'Altima'),
(743, 56, 'Armada'),
(744, 56, 'Bluebird Sylphy'),
(745, 56, 'GT-R'),
(746, 56, 'Juke'),
(747, 56, 'Leaf'),
(748, 56, 'Maxima'),
(749, 56, 'Micra'),
(750, 56, 'Murano'),
(751, 56, 'Navara'),
(752, 56, 'Note'),
(753, 56, 'NP300'),
(754, 56, 'Pathfinder'),
(755, 56, 'Patrol'),
(756, 56, 'Primera'),
(757, 56, 'Qashqai'),
(758, 56, 'Qashqai+2'),
(759, 56, 'Quest'),
(760, 56, 'Rogue'),
(761, 56, 'Sentra'),
(762, 56, 'Skyline'),
(763, 56, 'Sylphy'),
(764, 56, 'Teana'),
(765, 56, 'Terrano'),
(767, 56, 'Tiida'),
(768, 56, 'Titan'),
(769, 56, 'Titan XD'),
(770, 56, 'X-Trail'),
(771, 56, 'XTerra'),
(772, 56, 'Z'),
(773, 57, 'Adam'),
(774, 57, 'Agila'),
(775, 57, 'Antara'),
(776, 57, 'Astra'),
(777, 57, 'Astra GTS'),
(778, 57, 'Cascada'),
(779, 57, 'Combo'),
(780, 57, 'Corsa'),
(781, 57, 'Corsa OPC'),
(782, 57, 'Crossland X'),
(783, 57, 'Frontera'),
(784, 57, 'Grandland X'),
(785, 57, 'Insignia'),
(786, 57, 'Insignia OPC'),
(787, 57, 'Karl'),
(788, 57, 'Meriva'),
(789, 57, 'Mokka'),
(790, 57, 'Omega'),
(791, 57, 'Signum'),
(792, 57, 'Speedster'),
(793, 57, 'Tigra'),
(794, 57, 'Vectra'),
(795, 57, 'Vivaro'),
(796, 57, 'Zafira'),
(797, 57, 'Zafira Tourer'),
(798, 58, '1007'),
(799, 58, '107'),
(800, 58, '108'),
(801, 58, '2008'),
(802, 58, '206'),
(803, 58, '207'),
(804, 58, '208'),
(805, 58, '3008'),
(806, 58, '301'),
(807, 58, '307'),
(808, 58, '308'),
(809, 58, '4007'),
(810, 58, '4008'),
(811, 58, '406'),
(812, 58, '407'),
(813, 58, '408'),
(814, 58, '5008'),
(815, 58, '508'),
(816, 58, '607'),
(817, 58, '807'),
(818, 58, 'Boxer'),
(819, 58, 'Partner'),
(820, 58, 'RCZ Sport'),
(821, 59, 'Road Runner'),
(822, 60, 'Aztec'),
(823, 60, 'Bonneville'),
(824, 60, 'Firebird'),
(825, 60, 'G5 Pursuit'),
(826, 60, 'G6'),
(827, 60, 'G8'),
(828, 60, 'Grand AM'),
(829, 60, 'Grand Prix'),
(830, 60, 'GTO'),
(831, 60, 'Montana'),
(832, 60, 'Solstice'),
(833, 60, 'Sunfire'),
(834, 60, 'Torrent'),
(835, 60, 'Vibe'),
(836, 61, '718 Boxster'),
(837, 61, '718 Cayman'),
(838, 61, '911'),
(839, 61, 'Boxster'),
(840, 61, 'Cayenne'),
(841, 61, 'Cayman'),
(842, 61, 'Macan'),
(843, 61, 'Panamera'),
(844, 61, 'Taycan'),
(845, 62, 'Gentra'),
(846, 63, 'Arkana'),
(847, 63, 'Avantime'),
(848, 63, 'Captur'),
(849, 63, 'Clio'),
(850, 63, 'Duster'),
(851, 63, 'Duster Oroch'),
(852, 63, 'Espace'),
(853, 63, 'Fluence'),
(854, 63, 'Grand Scenic'),
(855, 63, 'Kadjar'),
(856, 63, 'Kangoo'),
(857, 63, 'Kaptur'),
(858, 63, 'Koleos'),
(859, 63, 'Laguna'),
(860, 63, 'Latitude'),
(861, 63, 'Logan'),
(862, 63, 'Master'),
(863, 63, 'Megane'),
(864, 63, 'Modus'),
(865, 63, 'Sandero'),
(866, 63, 'Sandero Stepway'),
(867, 63, 'Scenic'),
(868, 63, 'Symbol'),
(869, 63, 'Talisman'),
(870, 63, 'Trafic'),
(871, 63, 'Twingo'),
(872, 63, 'Twizy'),
(873, 63, 'Vel Satis'),
(874, 63, 'Wind'),
(875, 63, 'Zoe'),
(876, 64, 'Cullinan'),
(877, 64, 'Dawn'),
(878, 64, 'Ghost'),
(879, 64, 'Phantom'),
(880, 64, 'Wraith'),
(881, 65, '25'),
(882, 65, '400'),
(883, 65, '45'),
(884, 65, '600'),
(885, 65, '75'),
(886, 65, 'Streetwise'),
(887, 66, '9-2x'),
(888, 66, '93'),
(889, 66, '9-4x'),
(890, 66, '95'),
(891, 66, '9-7x'),
(892, 67, 'Aura'),
(893, 67, 'Ion'),
(894, 67, 'LW'),
(895, 67, 'Outlook'),
(896, 67, 'Sky'),
(897, 67, 'Vue'),
(898, 68, 'FR-S'),
(899, 68, 'tC'),
(900, 68, 'xA'),
(901, 68, 'xB'),
(902, 68, 'xD'),
(903, 69, 'Alhambra'),
(904, 69, 'Altea'),
(905, 69, 'Altea Freetrack'),
(906, 69, 'Altea XL'),
(907, 69, 'Arosa'),
(908, 69, 'Ateca'),
(909, 69, 'Cordoba'),
(910, 69, 'Exeo'),
(911, 69, 'Ibiza'),
(912, 69, 'Leon'),
(913, 69, 'Mii'),
(914, 69, 'Toledo'),
(915, 70, 'Citigo'),
(916, 70, 'Fabia'),
(917, 70, 'Felicia'),
(918, 70, 'Kamiq'),
(919, 70, 'Karoq'),
(920, 70, 'Kodiaq'),
(921, 70, 'Octavia'),
(922, 70, 'Octavia Scout'),
(923, 70, 'Octavia Tour'),
(924, 70, 'Praktik'),
(925, 70, 'Rapid'),
(926, 70, 'Rapid Spaceback (NH1)'),
(928, 70, 'Roomster'),
(929, 70, 'Superb'),
(930, 70, 'Yeti'),
(931, 71, 'Forfour'),
(932, 71, 'Fortwo'),
(933, 71, 'Roadster'),
(934, 72, 'Actyon'),
(935, 72, 'Actyon Sports'),
(936, 72, 'Chairman'),
(937, 72, 'Korando'),
(938, 72, 'Kyron'),
(939, 72, 'Musso'),
(940, 72, 'Musso Sport'),
(941, 72, 'Rexton'),
(942, 72, 'Rodius'),
(943, 72, 'Stavic'),
(944, 72, 'Tivoli'),
(945, 73, 'Ascent'),
(946, 73, 'Baja'),
(947, 73, 'Exiga'),
(948, 73, 'Forester'),
(949, 73, 'Impreza'),
(950, 73, 'Justy'),
(951, 73, 'Legacy'),
(952, 73, 'Levorg'),
(953, 73, 'Outback'),
(954, 73, 'Traviq'),
(955, 73, 'Tribeca'),
(956, 73, 'WRX'),
(957, 73, 'XV'),
(958, 74, 'Alto'),
(959, 74, 'Baleno'),
(960, 74, 'Celerio'),
(962, 74, 'Ciaz'),
(963, 74, 'Grand Vitara'),
(964, 74, 'Grand Vitara XL7'),
(965, 74, 'Ignis'),
(966, 74, 'Jimny'),
(967, 74, 'Kizashi'),
(968, 74, 'Liana'),
(969, 74, 'Splash'),
(970, 74, 'Swift'),
(971, 74, 'SX4'),
(972, 74, 'Vitara'),
(973, 74, 'Wagon R'),
(974, 74, 'Wagon R+'),
(975, 75, 'Model 3'),
(976, 75, 'Model S'),
(977, 75, 'Model X'),
(978, 75, 'Model Y'),
(979, 76, '4Runner'),
(980, 76, 'Alphard'),
(981, 76, 'Auris'),
(982, 76, 'Avalon'),
(983, 76, 'Avensis'),
(984, 76, 'Avensis Verso'),
(985, 76, 'Aygo'),
(986, 76, 'C-HR'),
(987, 76, 'Caldina'),
(988, 76, 'Camry'),
(989, 76, 'Celica'),
(990, 76, 'Corolla'),
(991, 76, 'Corolla Verso'),
(992, 76, 'FJ Cruiser'),
(993, 76, 'Fortuner'),
(994, 76, 'GT 86'),
(995, 76, 'Hiace'),
(996, 76, 'Highlander'),
(997, 76, 'Hilux'),
(998, 76, 'iQ'),
(999, 76, 'ist'),
(1000, 76, 'Land Cruiser'),
(1001, 76, 'Land Cruiser Prado'),
(1002, 76, 'Mark II'),
(1003, 76, 'Mirai'),
(1004, 76, 'MR2'),
(1005, 76, 'Picnic'),
(1006, 76, 'Previa'),
(1007, 76, 'Prius'),
(1008, 76, 'RAV4'),
(1009, 76, 'Sequoia'),
(1010, 76, 'Sienna'),
(1011, 76, 'Supra'),
(1012, 76, 'Tacoma'),
(1013, 76, 'Tundra'),
(1014, 76, 'Venza'),
(1015, 76, 'Verso'),
(1016, 76, 'Vitz'),
(1017, 76, 'Yaris'),
(1018, 76, 'Yaris Verso'),
(1019, 78, '2101'),
(1020, 78, '2102'),
(1021, 78, '2103'),
(1022, 78, '2104'),
(1023, 78, '2105'),
(1024, 78, '2106'),
(1025, 78, '2107'),
(1026, 78, '2108'),
(1027, 78, '2109'),
(1028, 78, '21099'),
(1029, 78, '2110'),
(1030, 78, '2111'),
(1031, 78, '2112'),
(1032, 78, '2113'),
(1033, 78, '2114'),
(1034, 78, '2115'),
(1035, 78, 'Granta'),
(1036, 78, 'Largus'),
(1037, 78, 'Largus Cross'),
(1038, 78, 'Vesta Cross'),
(1039, 78, 'Vesta Sport'),
(1040, 78, 'Vesta SW'),
(1041, 78, 'XRay'),
(1042, 78, 'XRay Cross'),
(1043, 78, 'Priora'),
(1044, 78, 'Kalina'),
(1045, 78, '4х4'),
(1046, 79, 'Amarok'),
(1047, 79, 'Arteon'),
(1048, 79, 'Beetle'),
(1049, 79, 'Bora'),
(1050, 79, 'Caddy'),
(1051, 79, 'CC'),
(1052, 79, 'Crafter'),
(1053, 79, 'CrossGolf'),
(1054, 79, 'CrossPolo'),
(1055, 79, 'CrossTouran'),
(1056, 79, 'Eos'),
(1057, 79, 'Fox'),
(1058, 79, 'Golf'),
(1059, 79, 'Jetta'),
(1060, 79, 'Lupo'),
(1061, 79, 'Multivan'),
(1062, 79, 'New Beetle'),
(1063, 79, 'Passat'),
(1064, 79, 'Passat CC'),
(1065, 79, 'Phaeton'),
(1066, 79, 'Pointer'),
(1067, 79, 'Polo'),
(1068, 79, 'Routan'),
(1069, 79, 'Scirocco'),
(1070, 79, 'Sharan'),
(1071, 79, 'T-Roc'),
(1072, 79, 'Teramont'),
(1073, 79, 'Tiguan'),
(1074, 79, 'Touareg'),
(1075, 79, 'Touran'),
(1076, 79, 'Transporter'),
(1077, 79, 'Up'),
(1078, 77, 'Pickup'),
(1079, 77, 'Hunter'),
(1080, 77, 'Patriot'),
(1081, 80, 'C30'),
(1082, 80, 'C70'),
(1083, 80, 'C70 Convertible'),
(1084, 80, 'C70 Coupe'),
(1085, 80, 'S40'),
(1086, 80, 'S60'),
(1087, 80, 'S70'),
(1088, 80, 'S80'),
(1089, 80, 'S90'),
(1090, 80, 'V40'),
(1091, 80, 'V50'),
(1092, 80, 'V60'),
(1093, 80, 'V70'),
(1094, 80, 'V90'),
(1095, 80, 'XC40'),
(1096, 80, 'XC60'),
(1097, 80, 'XC70'),
(1098, 80, 'XC90'),
(1099, 82, 'Scrambler Sixty2'),
(1100, 82, 'Scrambler Tangerine Icon');

-- --------------------------------------------------------

--
-- Структура таблицы `types`
--

CREATE TABLE `types` (
  `type_id` int(11) NOT NULL,
  `type_name` varchar(100) NOT NULL
) ENGINE=InnoDB DEFAULT CHARSET=utf8;

--
-- Дамп данных таблицы `types`
--

INSERT INTO `types` (`type_id`, `type_name`) VALUES
(1, 'Куплю'),
(2, 'Продам');

--
-- Индексы сохранённых таблиц
--

--
-- Индексы таблицы `ads`
--
ALTER TABLE `ads`
  ADD PRIMARY KEY (`ad_id`),
  ADD KEY `ad_author` (`ad_author`),
  ADD KEY `ad_category` (`ad_category`),
  ADD KEY `ad_type` (`ad_type`),
  ADD KEY `mark_ad` (`mark_ad`),
  ADD KEY `model_ad` (`model_ad`),
  ADD KEY `gead_ad` (`gear_ad`),
  ADD KEY `engine_ad` (`engine_ad`);

--
-- Индексы таблицы `authors`
--
ALTER TABLE `authors`
  ADD PRIMARY KEY (`author_id`);

--
-- Индексы таблицы `categories`
--
ALTER TABLE `categories`
  ADD PRIMARY KEY (`category_id`);

--
-- Индексы таблицы `engine`
--
ALTER TABLE `engine`
  ADD PRIMARY KEY (`ID`);

--
-- Индексы таблицы `gear`
--
ALTER TABLE `gear`
  ADD PRIMARY KEY (`gear_id`);

--
-- Индексы таблицы `marks`
--
ALTER TABLE `marks`
  ADD PRIMARY KEY (`id_mark`);

--
-- Индексы таблицы `models`
--
ALTER TABLE `models`
  ADD PRIMARY KEY (`id`);

--
-- Индексы таблицы `types`
--
ALTER TABLE `types`
  ADD PRIMARY KEY (`type_id`);

--
-- AUTO_INCREMENT для сохранённых таблиц
--

--
-- AUTO_INCREMENT для таблицы `ads`
--
ALTER TABLE `ads`
  MODIFY `ad_id` int(11) NOT NULL AUTO_INCREMENT, AUTO_INCREMENT=26;

--
-- AUTO_INCREMENT для таблицы `authors`
--
ALTER TABLE `authors`
  MODIFY `author_id` int(11) NOT NULL AUTO_INCREMENT, AUTO_INCREMENT=7;

--
-- AUTO_INCREMENT для таблицы `categories`
--
ALTER TABLE `categories`
  MODIFY `category_id` int(11) NOT NULL AUTO_INCREMENT, AUTO_INCREMENT=3;

--
-- AUTO_INCREMENT для таблицы `engine`
--
ALTER TABLE `engine`
  MODIFY `ID` int(11) NOT NULL AUTO_INCREMENT, AUTO_INCREMENT=4;

--
-- AUTO_INCREMENT для таблицы `gear`
--
ALTER TABLE `gear`
  MODIFY `gear_id` int(11) NOT NULL AUTO_INCREMENT, AUTO_INCREMENT=4;

--
-- AUTO_INCREMENT для таблицы `marks`
--
ALTER TABLE `marks`
  MODIFY `id_mark` int(11) NOT NULL AUTO_INCREMENT, AUTO_INCREMENT=83;

--
-- AUTO_INCREMENT для таблицы `models`
--
ALTER TABLE `models`
  MODIFY `id` int(11) NOT NULL AUTO_INCREMENT, AUTO_INCREMENT=1101;

--
-- AUTO_INCREMENT для таблицы `types`
--
ALTER TABLE `types`
  MODIFY `type_id` int(11) NOT NULL AUTO_INCREMENT, AUTO_INCREMENT=3;

--
-- Ограничения внешнего ключа сохраненных таблиц
--

--
-- Ограничения внешнего ключа таблицы `ads`
--
ALTER TABLE `ads`
  ADD CONSTRAINT `ads_ibfk_1` FOREIGN KEY (`ad_author`) REFERENCES `authors` (`author_id`),
  ADD CONSTRAINT `ads_ibfk_2` FOREIGN KEY (`ad_type`) REFERENCES `types` (`type_id`),
  ADD CONSTRAINT `ads_ibfk_3` FOREIGN KEY (`ad_category`) REFERENCES `categories` (`category_id`),
  ADD CONSTRAINT `ads_ibfk_4` FOREIGN KEY (`mark_ad`) REFERENCES `marks` (`id_mark`),
  ADD CONSTRAINT `ads_ibfk_5` FOREIGN KEY (`model_ad`) REFERENCES `models` (`id`),
  ADD CONSTRAINT `ads_ibfk_7` FOREIGN KEY (`gear_ad`) REFERENCES `gear` (`gear_id`),
  ADD CONSTRAINT `ads_ibfk_9` FOREIGN KEY (`engine_ad`) REFERENCES `engine` (`ID`);
COMMIT;

/*!40101 SET CHARACTER_SET_CLIENT=@OLD_CHARACTER_SET_CLIENT */;
/*!40101 SET CHARACTER_SET_RESULTS=@OLD_CHARACTER_SET_RESULTS */;
/*!40101 SET COLLATION_CONNECTION=@OLD_COLLATION_CONNECTION */;
